City_ID,City,Lat,Lng,Max Temp,Humidity,Cloudiness,Wind Speed,Country,Date
0,tralee,52.2704,-9.7026,10.14,93,20,3.09,IE,1735330328
1,kumasi,6.6885,-1.6244,27.09,22,24,1.46,GH,1735330329
2,nova sintra,14.8667,-24.7167,24.25,80,43,7.99,CV,1735330331
3,gisborne,-38.6533,178.0042,14.8,86,100,9.47,NZ,1735330332
4,petropavlovsk-kamchatsky,53.0452,158.6483,-3.67,54,75,7.0,RU,1735330333
5,olonkinbyen,70.9221,-8.7187,-1.92,100,100,4.8,SJ,1735330334
6,edinburgh of the seven seas,-37.0676,-12.3116,13.78,69,94,14.04,SH,1735330335
7,adamstown,-25.066,-130.1015,23.99,77,100,2.93,PN,1735330337
8,puerto natales,-51.7236,-72.4875,17.25,39,75,10.29,CL,1735330338
9,longyearbyen,78.2186,15.6401,-5.09,93,100,1.54,SJ,1735330339
10,georgetown,5.4112,100.3354,27.96,82,20,1.34,MY,1735330341
11,west island,-12.1568,96.8225,26.99,94,75,8.23,CC,1735330343
12,howrah,22.5892,88.3103,19.0,72,0,0.0,IN,1735330344
13,smara,26.7384,-11.6719,17.87,24,8,1.35,EH,1735330345
14,hawaiian paradise park,19.5933,-154.9731,25.73,74,0,2.06,US,1735330346
15,berdigestyakh,62.0989,126.6992,-37.77,100,100,0.89,RU,1735330348
16,nemuro,43.3236,145.575,-4.05,66,21,10.09,JP,1735330349
17,naracoorte,-36.9579,140.7383,11.38,86,6,3.33,AU,1735330350
18,usinsk,65.9939,57.5281,-2.48,94,100,7.26,RU,1735330351
19,yellowknife,62.456,-114.3525,-8.66,99,75,3.6,CA,1735330353
20,dubovka,49.0583,44.829,-1.8,84,21,5.0,RU,1735330355
21,puerto armuelles,8.2833,-82.8667,25.05,90,100,3.58,PA,1735330356
22,port alfred,-33.5906,26.891,22.88,93,100,1.79,ZA,1735330173
23,kamennomostskiy,44.2983,40.1856,2.23,92,85,1.28,RU,1735330358
24,vorgashor,67.5833,63.95,-6.16,96,100,5.28,RU,1735330359
25,ushuaia,-54.8,-68.3,10.86,71,90,3.84,AR,1735330105
26,tuzha,57.6062,47.936,-6.51,97,15,3.1,RU,1735330362
27,grand falls-windsor,48.9332,-55.6649,-1.39,84,16,0.45,CA,1735330363
28,oranjemund,-28.55,16.4333,17.79,92,0,2.78,NA,1735330364
29,bamboo flat,11.7,92.7167,26.65,76,81,3.14,IN,1735330365
30,ribeira grande,38.5167,-28.7,18.22,88,40,6.71,PT,1735330367
31,tiksi,71.6872,128.8694,-28.98,100,93,1.38,RU,1735330368
32,padang,-0.9492,100.3543,24.03,88,100,1.83,ID,1735330369
33,broken hill,-31.95,141.4333,15.22,46,56,4.1,AU,1735330370
34,chonchi,-42.6128,-73.8092,20.07,35,100,0.93,CL,1735330371
35,stanley,54.868,-1.6985,6.01,93,75,2.57,GB,1735330372
36,iqaluit,63.7506,-68.5145,-14.15,78,100,5.66,CA,1735330373
37,villa gesell,-37.2639,-56.973,18.42,72,0,7.52,AR,1735330375
38,port-aux-francais,-49.35,70.2167,4.62,73,7,16.9,TF,1735330376
39,warangal,18.0,79.5833,20.46,85,4,3.73,IN,1735330377
40,pisco,-13.7,-76.2167,28.03,47,0,8.23,PE,1735330378
41,grytviken,-54.2811,-36.5092,12.62,39,5,6.94,GS,1735330379
42,island harbour,50.724,-1.2758,7.77,71,33,0.45,GB,1735330380
43,vilyuysk,63.7553,121.6247,-41.66,100,78,0.99,RU,1735330382
44,lerma,42.0261,-3.7598,5.16,69,0,3.12,ES,1735330383
45,badger,64.8,-147.5333,-16.07,83,75,0.0,US,1735330384
46,vazante,-17.9869,-46.9078,20.58,94,100,0.81,BR,1735330385
47,bilibino,68.0546,166.4372,-43.63,100,94,1.35,RU,1735330386
48,saipan,15.1355,145.701,28.39,84,40,5.36,MP,1735330136
49,waitangi,-43.9535,-176.5597,15.46,99,100,3.13,NZ,1735330388
50,isafjordur,66.0755,-23.124,-6.82,83,30,4.66,IS,1735330390
51,mossel bay,-34.1831,22.146,21.17,84,86,2.19,ZA,1735330157
52,laojunmiao,39.8333,97.7333,-10.45,26,0,3.52,CN,1735330392
53,jamestown,42.097,-79.2353,6.8,61,100,4.12,US,1735330339
54,muang phonsavan,19.45,103.2167,13.44,90,100,2.06,LA,1735330154
55,puerto ayora,-0.7393,-90.3518,24.75,90,53,4.47,EC,1735330299
56,tura,25.5198,90.2201,15.15,62,0,1.91,IN,1735330397
57,hassi messaoud,31.6804,6.0729,6.92,53,0,1.03,DZ,1735330398
58,acapulco de juarez,16.8634,-99.8901,28.9,61,20,3.6,MX,1735330151
59,margaret river,-33.95,115.0667,13.24,88,23,2.59,AU,1735330400
60,kone,-21.0595,164.8658,24.41,68,98,0.79,NC,1735330401
61,san patricio,28.017,-97.5169,25.97,54,34,2.13,US,1735330402
62,suva,-18.1416,178.4415,25.71,89,75,1.54,FJ,1735330404
63,mohammedia,33.7066,-7.3944,16.96,100,100,1.03,MA,1735330405
64,la'ie,21.6477,-157.9253,27.81,74,69,0.89,US,1735330406
65,whitehorse,60.7161,-135.0538,-2.57,79,75,5.14,CA,1735330408
66,albany,42.6001,-73.9662,-1.92,70,79,1.56,US,1735330409
67,turbat,26.0023,63.044,16.29,20,0,5.52,PK,1735330411
68,blackmans bay,-43.0167,147.3167,13.74,69,100,0.89,AU,1735330412
69,kyakhta,50.3508,106.4494,-27.0,97,23,1.63,RU,1735330413
70,papatowai,-46.5619,169.4708,17.88,60,79,1.42,NZ,1735330414
71,bethel,41.3712,-73.414,4.78,63,100,0.45,US,1735330415
72,puerto leguizamo,-0.1934,-74.7819,26.07,92,100,0.21,CO,1735330417
73,ilulissat,69.2167,-51.1,-18.99,65,75,3.6,GL,1735330418
74,paraiso,9.8383,-83.8656,20.78,87,100,1.21,CR,1735330419
75,yuzhno-kurilsk,44.0306,145.8556,-2.42,74,100,14.77,RU,1735330421
76,laguna,38.421,-121.4238,13.9,93,100,6.17,US,1735330422
77,ujae,8.9322,165.7642,27.73,80,100,9.89,MH,1735330393
78,port elizabeth,-33.918,25.5701,22.4,99,75,4.12,ZA,1735330167
79,qaqortoq,60.7167,-46.0333,-20.97,75,0,2.88,GL,1735330427
80,pemba,-12.974,40.5178,26.86,84,100,5.03,MZ,1735330428
81,tual,-5.6667,132.75,27.21,83,100,3.86,ID,1735330430
82,bodo,67.28,14.405,5.43,88,75,12.35,NO,1735330131
83,hithadhoo,-0.6,73.0833,26.8,80,92,3.49,MV,1735330432
84,vadso,70.0744,29.7487,-0.91,86,40,15.43,NO,1735330433
85,yinchuan,38.4681,106.2731,-8.59,48,0,3.57,CN,1735330434
86,kaa-khem,51.6833,94.7333,-25.24,96,100,0.52,RU,1735330435
87,robbah,33.2797,6.9098,8.8,49,6,2.01,DZ,1735330437
88,tazovsky,67.4667,78.7,-10.91,94,98,5.53,RU,1735330438
89,akureyri,65.6835,-18.0878,-1.04,64,40,6.69,IS,1735330439
90,iskateley,67.6803,53.1512,-1.3,96,98,10.46,RU,1735330440
91,mejit,10.2753,170.8646,27.45,78,37,8.92,MH,1735330441
92,shihezi,44.3,86.0333,-16.04,86,100,1.29,CN,1735330442
93,selkirk,50.1436,-96.8845,1.77,97,100,1.34,CA,1735330443
94,miramar beach,30.3744,-86.3586,17.23,95,100,7.72,US,1735330445
95,chinde,26.8212,87.7095,14.74,52,0,3.15,NP,1735330446
96,hasaki,35.7333,140.8333,7.57,47,62,2.63,JP,1735330447
97,caianu mic,47.2333,24.15,2.24,80,91,0.5,RO,1735330448
98,keflavik,64.0049,-22.5624,0.24,64,40,12.35,IS,1735330449
99,mount pleasant,32.7941,-79.8626,15.0,93,40,3.6,US,1735330451
100,poxoreo,-15.8372,-54.3892,26.32,87,100,2.56,BR,1735330452
101,avarua,-21.2078,-159.775,27.03,94,92,4.12,CK,1735330453
102,bredasdorp,-34.5322,20.0403,20.81,69,98,2.87,ZA,1735330454
103,lebu,-37.6167,-73.65,17.94,74,98,4.59,CL,1735330455
104,invercargill,-46.4,168.35,16.68,88,83,1.79,NZ,1735330458
105,kapuskasing,49.4169,-82.4331,3.05,93,100,3.6,CA,1735330459
106,ettrick,37.2402,-77.43,8.95,73,44,1.54,US,1735330460
107,sidi ifni,29.3797,-10.173,18.32,41,0,3.75,MA,1735330462
108,wailua homesteads,22.0669,-159.378,25.44,85,0,1.54,US,1735330464
109,strasburg,48.5834,7.743,-0.96,100,100,0.0,FR,1735330461
110,villa paula de sarmiento,-31.4933,-68.5384,36.85,12,6,7.51,AR,1735330466
111,ar raqqah,35.95,39.0167,10.25,81,100,8.49,SY,1735330467
112,puerto baquerizo moreno,-0.9,-89.6,27.55,65,75,5.14,EC,1735330468
113,alofi,-19.0595,-169.9187,28.94,84,20,5.66,NU,1735330471
114,flying fish cove,-10.4217,105.6791,25.82,94,75,2.57,CX,1735330472
115,merizo village,13.2658,144.6691,26.88,84,100,8.67,GU,1735330473
116,la grande,45.3246,-118.0877,4.99,88,100,1.53,US,1735330474
117,suwayr,30.1171,40.3893,11.29,41,0,3.05,SA,1735330475
118,olinda,-8.0089,-34.8553,28.85,65,40,6.17,BR,1735330477
119,imperia,43.9667,7.7833,9.61,30,0,3.95,IT,1735330478
120,san fernando de apure,7.8878,-67.4724,35.06,32,99,3.19,VE,1735330479
121,woodside,37.4299,-122.2539,17.12,83,40,4.12,US,1735330480
122,puerto san jose,13.9256,-90.8244,35.03,36,20,3.09,GT,1735330377
123,walden,41.5612,-74.1885,4.71,62,0,3.6,US,1735330262
124,fort bragg,35.139,-79.006,7.91,96,100,2.57,US,1735330484
125,hermanus,-34.4187,19.2345,21.0,76,95,3.5,ZA,1735330485
126,ketchikan,55.3422,-131.6461,6.26,88,100,5.14,US,1735330195
127,nar'yan-mar,67.6713,53.087,-1.3,95,98,10.56,RU,1735330487
128,daru,-9.0763,143.2092,25.66,86,100,0.89,PG,1735330488
129,dudinka,69.4058,86.1778,-10.84,91,100,9.39,RU,1735330490
130,bel ombre,-4.6167,55.4167,26.91,74,40,5.66,SC,1735330491
131,loralai,30.3705,68.598,5.17,25,0,4.34,PK,1735330492
132,brokopondo,4.75,-55.1667,27.67,72,65,3.88,SR,1735330493
133,chinhoyi,-17.3667,30.2,23.24,56,84,0.72,ZW,1735330494
134,kenora,49.8167,-94.4337,1.54,100,100,3.6,CA,1735330495
135,tateyama,34.9833,139.8667,9.02,60,8,12.28,JP,1735330497
136,berezovyy,51.6667,135.7,-27.25,92,38,2.07,RU,1735330498
137,ha'il,27.5219,41.6907,16.01,33,0,4.12,SA,1735330499
138,andergrove,-21.0833,149.1833,25.46,78,7,4.15,AU,1735330500
139,labytnangi,66.6572,66.4183,-6.79,88,100,3.18,RU,1735330501
140,sao joao da barra,-21.6403,-41.0511,25.05,92,98,5.11,BR,1735330502
141,el dorado,38.7666,-120.5177,10.47,98,100,2.15,US,1735330503
142,bubaque,11.2833,-15.8333,26.16,70,75,6.17,GW,1735330505
143,rizhao,35.4275,119.4553,-3.72,41,0,3.26,CN,1735330506
144,saint-francois,46.4154,3.9054,-0.2,100,100,1.54,FR,1735330507
145,san felipe,10.3399,-68.7425,27.71,60,100,3.16,VE,1735330508
146,hotan,37.0997,79.9269,-6.56,61,91,1.41,CN,1735330510
147,lata,40.1629,-8.3327,8.6,83,0,1.05,PT,1735330511
148,noosa heads,-26.3833,153.15,23.03,80,13,5.13,AU,1735330512
149,chita,52.0333,113.55,-22.06,84,100,1.0,RU,1735330513
150,fortaleza,-3.7227,-38.5247,29.07,70,0,6.69,BR,1735330316
151,tracy,37.7397,-121.4252,16.3,89,100,3.13,US,1735330515
152,larmor-plage,47.7065,-3.3834,4.52,93,100,1.03,FR,1735330517
153,mersa matruh,31.3525,27.2453,13.83,65,0,5.48,EG,1735330519
154,rikaze,29.25,88.8833,-3.67,17,0,0.43,CN,1735330520
155,prado,-17.3411,-39.2208,26.31,82,61,6.25,BR,1735330521
156,udachny,66.4167,112.4,-33.7,100,100,1.0,RU,1735330522
157,soreang,-7.0331,107.5183,23.14,85,100,1.33,ID,1735330524
158,gamba,-2.65,10.0,25.63,88,55,2.15,GA,1735330525
159,genhe,50.7833,121.5167,-29.75,100,80,0.41,CN,1735330239
160,sarupathar,26.1984,93.8094,13.22,71,0,0.9,IN,1735330527
161,polyarnyy,69.1989,33.4478,-2.4,76,2,14.23,RU,1735330528
162,lompoc,34.6391,-120.4579,17.05,94,100,6.17,US,1735330530
163,sainte-marie-aux-mines,48.2468,7.1853,-3.27,93,100,0.0,FR,1735330531
164,las animas,-39.8087,-73.2182,24.08,36,100,1.81,CL,1735330532
165,iquique,-20.2208,-70.1431,20.66,77,76,2.95,CL,1735330009
166,beledweyne,4.7358,45.2036,25.57,52,88,6.72,SO,1735330534
167,kourou,5.1552,-52.6478,26.42,81,89,3.37,GF,1735330535
168,aldinga beach,-35.2793,138.4604,18.69,70,83,7.26,AU,1735330536
169,konarka,19.9,86.1167,20.65,55,0,2.55,IN,1735330538
170,aykol,38.1751,77.2132,-6.41,65,20,1.64,CN,1735330539
171,talnakh,69.4865,88.3972,-14.19,95,100,6.24,RU,1735330540
172,vilyuchinsk,52.9306,158.4028,-2.85,79,100,3.79,RU,1735330334
173,tomatlan,19.9333,-105.25,30.23,25,0,3.65,MX,1735330542
174,port mathurin,-19.6833,63.4167,25.65,82,59,5.97,MU,1735330543
175,kikwit,-5.041,18.8162,23.88,80,91,1.19,CD,1735330545
176,san antonio de pale,-1.4014,5.6325,26.55,84,100,2.78,GQ,1735330546
177,thompson,55.7435,-97.8558,-1.91,100,100,1.54,CA,1735330547
178,constantia,44.1833,28.65,0.39,75,99,8.38,RO,1735330402
179,port moresby,-9.4431,147.1797,24.68,94,20,1.03,PG,1735330549
180,klaksvik,62.2266,-6.589,7.31,80,40,15.11,FO,1735330551
181,cabedelo,-6.9811,-34.8339,29.37,77,27,7.0,BR,1735330552
182,kailua-kona,19.6406,-155.9956,26.97,63,0,2.24,US,1735330553
183,conduaga,8.862,117.4893,25.23,90,100,0.77,PH,1735330555
184,fasa,28.9383,53.6482,2.58,44,0,2.06,IR,1735330557
185,leer,53.2316,7.461,3.3,97,13,0.06,DE,1735330558
186,punta arenas,-53.15,-70.9167,14.06,51,75,13.38,CL,1735330444
187,basoko,1.2391,23.616,25.06,69,100,1.15,CD,1735330560
188,la passe,45.5549,-0.8967,7.3,84,0,2.45,FR,1735330562
189,podgornoye,51.735,39.1496,-1.88,100,100,1.0,RU,1735330563
190,balqash,46.8481,74.995,-11.53,95,9,2.1,KZ,1735330564
191,uturoa,-16.7333,-151.4333,27.62,72,97,3.93,PF,1735330565
192,lakatoro,-16.0999,167.4164,25.77,74,92,4.18,VU,1735330566
193,susuman,62.7833,148.1667,-41.96,99,84,0.45,RU,1735330567
194,tamiahua,21.2667,-97.45,25.47,74,96,3.35,MX,1735330569
195,fale old settlement,-9.3852,-171.2468,28.26,74,96,4.39,TK,1735330570
196,yuci,37.6803,112.7319,-10.14,48,0,1.0,CN,1735330571
197,praia da vitoria,38.7333,-27.0667,17.14,94,40,2.94,PT,1735330572
198,bikenibeu village,1.3673,173.1241,27.98,78,40,5.14,KI,1735330573
199,zaragoza,41.6561,-0.8773,9.45,73,0,0.51,ES,1735330325
200,namibe,-15.1961,12.1522,22.58,81,90,1.77,AO,1735330576
201,utrik,11.2278,169.8474,27.15,76,70,8.71,MH,1735330577
202,kerikeri,-35.2268,173.9474,21.62,69,2,4.02,NZ,1735330578
203,urucara,-2.5364,-57.76,32.98,50,61,0.84,BR,1735330579
204,sitka,57.0531,-135.33,7.94,66,75,4.63,US,1735330580
205,college,64.8569,-147.8028,-16.03,80,75,0.0,US,1735330581
206,kokpekty,48.75,82.4,-12.82,84,100,2.87,KZ,1735330582
207,lihue,21.9789,-159.3672,25.77,61,0,1.54,US,1735330584
208,karratha,-20.7377,116.8463,30.37,65,4,3.27,AU,1735330585
209,arno,60.1167,18.6333,1.72,97,100,2.45,SE,1735330586
210,hanceville,34.0607,-86.7675,12.95,80,96,6.83,US,1735330581
211,northam,51.0333,-4.2167,6.0,97,16,0.45,GB,1735330588
212,edmundston,47.3737,-68.3251,-4.37,65,0,1.54,CA,1735330361
213,mumford,5.2618,-0.759,27.27,87,5,3.24,GH,1735330591
214,touros,-5.1989,-35.4608,27.43,76,49,6.92,BR,1735330592
215,enewetak,11.3474,162.3373,27.45,75,100,7.56,MH,1735330593
216,paita,-5.0892,-81.1144,23.27,69,100,6.21,PE,1735330594
217,rayevskiy,54.0658,54.9468,-2.68,95,100,1.75,RU,1735330595
218,uliastay,47.7417,96.8444,-17.59,60,100,3.17,MN,1735330596
219,coahuayana de hidalgo,18.7,-103.6583,29.36,28,0,2.99,MX,1735330598
220,alo,6.5486,4.2686,25.95,89,49,3.16,NG,1735330599
221,severo-yeniseyskiy,60.3725,93.0408,-12.66,89,100,3.15,RU,1735330600
222,sainte-agathe-des-monts,46.0501,-74.2825,-2.55,75,88,0.24,CA,1735330601
223,seeb,23.6703,58.1891,19.05,59,0,1.54,OM,1735330602
224,phu kradueng,16.8843,101.8847,21.51,76,83,0.97,TH,1735330603
225,nantucket,41.2835,-70.0995,4.06,65,0,3.6,US,1735330442
226,revda,56.801,59.9303,-3.25,90,99,6.76,RU,1735330607
227,vorkuta,67.5,64.0,-5.79,96,100,5.27,RU,1735330608
228,ancud,-41.8697,-73.8203,16.72,58,100,2.58,CL,1735330609
229,as sulayyil,20.4607,45.5779,17.75,37,84,4.61,SA,1735330610
230,kidal,18.4411,1.4078,22.73,13,39,4.23,ML,1735330612
231,arraial do cabo,-22.9661,-42.0278,27.92,78,75,4.12,BR,1735330388
232,ordynskoye,54.3656,81.8994,-9.05,93,100,6.95,RU,1735330614
233,pecos,31.4229,-103.4932,22.05,16,0,6.17,US,1735330500
234,black point,-34.6187,137.8972,17.44,69,51,6.62,AU,1735330616
235,songea,-10.6833,35.65,20.4,69,100,1.74,TZ,1735330619
236,tazacorte,28.629,-17.9293,18.54,82,40,3.09,ES,1735330620
237,thivai,38.325,23.3189,8.48,82,100,4.27,GR,1735330621
238,mhamid,29.82,-5.72,14.7,37,4,3.54,MA,1735330622
239,hamilton,39.1834,-84.5333,11.69,91,100,7.2,US,1735330457
240,rongelap,11.1635,166.8941,27.47,76,100,9.39,MH,1735330624
241,bawku,11.0616,-0.2417,26.19,12,98,3.64,GH,1735330626
242,kalmunai,7.4167,81.8167,25.0,88,100,2.96,LK,1735330627
243,smithers,54.7804,-127.1743,-4.82,100,40,2.57,CA,1735330628
244,glace bay,46.1969,-59.957,1.25,87,75,5.14,CA,1735330629
245,suozhen,36.9539,118.1047,-5.39,39,0,3.63,CN,1735330630
246,afaahiti,-17.75,-149.2833,26.25,77,96,6.97,PF,1735330631
247,atbasar,51.8,68.3333,-6.41,94,100,8.02,KZ,1735330633
248,suntar,62.1444,117.6319,-34.81,100,99,0.07,RU,1735330634
249,codrington,-38.2667,141.9667,11.18,87,92,5.53,AU,1735330635
250,holualoa,19.6228,-155.9522,24.9,63,0,1.64,US,1735330637
251,san ignacio,17.1561,-89.0714,31.08,66,40,2.06,BZ,1735330638
252,papao,-17.75,-149.55,28.82,69,100,6.63,PF,1735330578
253,ploermel,47.9317,-2.3978,3.2,70,15,1.77,FR,1735330641
254,al jawf,29.5,38.75,9.97,28,0,3.27,SA,1735330642
255,la ronge,55.1001,-105.2842,-5.86,86,100,4.12,CA,1735330643
256,tamanrasset,22.785,5.5228,12.95,22,0,2.57,DZ,1735330645
257,pervomayskiy,53.2485,40.2871,-0.62,99,100,0.87,RU,1735330647
258,akrehamn,59.2667,5.1833,7.14,93,100,4.12,NO,1735330648
259,eraan,9.0629,117.7016,25.28,91,100,1.44,PH,1735330649
260,genet,9.0667,38.5,10.81,55,9,1.29,ET,1735330650
261,calendario,41.4036,-8.5297,9.68,80,0,1.02,PT,1735330651
262,kargasok,59.0556,80.8572,-9.07,92,100,4.66,RU,1735330652
263,zaozersk,69.4005,32.4476,-3.93,80,0,13.67,RU,1735330653
264,hastings,50.8552,0.5729,4.88,65,0,1.97,GB,1735330655
265,wuchang,44.9143,127.15,-18.01,94,77,3.11,CN,1735330656
266,loukhi,66.0764,33.0381,0.99,85,100,5.74,RU,1735330657
267,hovd,48.0056,91.6419,-20.59,78,100,0.34,MN,1735330658
268,andrelandia,-21.7397,-44.3092,19.33,97,100,2.37,BR,1735330659
269,debre sina,9.85,39.7667,8.44,62,1,0.82,ET,1735330661
270,carnarvon,-24.8667,113.6333,26.98,33,3,7.14,AU,1735330662
271,happy valley-goose bay,53.3168,-60.3315,-5.83,73,40,3.09,CA,1735330663
272,guerrero negro,27.9769,-114.0611,18.19,61,83,6.71,MX,1735330664
273,cortland,42.6001,-76.083,2.64,70,99,2.57,US,1735330614
274,okhotsk,59.3833,143.3,-24.22,80,23,7.01,RU,1735330668
275,trinidad,-14.8333,-64.9,31.99,51,20,2.06,BO,1735330669
276,dubbo,-32.25,148.6167,16.07,67,58,2.06,AU,1735330670
277,saint-pierre,-21.3393,55.4781,25.82,57,0,2.06,RE,1735330671
278,acarau,-2.8856,-40.12,28.68,71,1,8.28,BR,1735330672
279,ploneour-lanvern,47.9,-4.2833,4.18,93,100,1.03,FR,1735330673
280,maintirano,-18.0667,44.0167,27.9,76,13,2.38,MG,1735330675
281,ust-nera,64.5667,143.2,-36.63,98,96,1.06,RU,1735330676
282,castellamonte,45.382,7.7121,6.24,57,1,3.14,IT,1735330678
283,new norfolk,-42.7826,147.0587,14.4,79,100,2.1,AU,1735330679
284,hadibu,12.65,54.0333,23.23,74,28,8.09,YE,1735330681
285,kodiak,57.79,-152.4072,0.73,86,100,5.14,US,1735330442
286,timmins,48.4669,-81.3331,1.9,93,100,3.6,CA,1735330599
287,dolores,-36.3132,-57.6792,30.2,20,0,7.68,AR,1735330684
288,firuzabad,28.8438,52.5707,10.14,41,82,1.95,IR,1735330685
289,tarakan,3.3,117.6333,25.2,87,100,5.4,ID,1735330686
290,pandan,14.0453,124.1694,25.64,91,83,4.15,PH,1735330688
291,mccook,40.2019,-100.6257,11.03,43,0,4.63,US,1735330689
292,st. john's,47.5649,-52.7093,2.31,97,100,5.81,CA,1735330616
293,nagqu,31.5,92.0,-9.5,26,8,1.23,CN,1735330691
294,al ghayzah,16.2079,52.176,22.86,64,18,4.11,YE,1735330692
295,alaghsas,17.0187,8.0168,19.7,15,100,6.28,NE,1735330693
296,kingston,17.997,-76.7936,31.53,62,20,4.63,JM,1735330509
297,castillos,-34.1667,-53.8333,21.89,66,28,5.75,UY,1735330696
298,waddan,29.1614,16.139,11.42,68,0,2.34,LY,1735330697
299,svetlyy,54.675,20.1347,8.32,97,100,2.96,RU,1735330698
300,nova vicosa,-17.8919,-39.3719,27.08,75,36,6.02,BR,1735330699
301,zhezqazghan,47.7833,67.7667,-10.85,98,61,3.69,KZ,1735330700
302,makarov,48.6333,142.8,-11.35,81,100,5.98,RU,1735330702
303,guercif,34.2257,-3.3536,10.0,57,24,4.22,MA,1735330703
304,gawler,-34.6,138.7333,17.92,73,42,2.44,AU,1735330704
305,anadyr,64.75,177.4833,-31.72,68,0,4.0,RU,1735330705
306,hilo,19.7297,-155.09,26.16,70,0,3.13,US,1735330706
307,george town,5.4112,100.3354,27.96,83,20,1.54,MY,1735330514
308,luganville,-15.5333,167.1667,25.58,77,100,1.87,VU,1735330710
309,san pedro,14.35,121.0167,25.57,94,75,1.54,PH,1735330711
310,las heras,-46.5419,-68.9359,23.81,16,3,6.14,AR,1735330576
311,suluru,13.7,80.0167,23.52,85,7,2.49,IN,1735330713
312,alagapuram,11.8871,78.9176,21.78,92,30,1.97,IN,1735330715
313,boone,39.0334,-92.3335,10.47,97,100,3.49,US,1735330716
314,tolanaro,-25.0319,46.9987,27.04,78,40,7.2,MG,1735330570
315,azusa,34.1336,-117.9076,16.6,74,100,2.06,US,1735330718
316,rio grande,-32.035,-52.0986,23.6,63,68,5.97,BR,1735330554
317,zhalantun,48.0,122.7167,-18.22,86,100,3.38,CN,1735330720
318,bantay,17.5847,120.3892,25.09,85,100,5.32,PH,1735330722
319,huanggang,23.677,116.9996,12.85,62,40,2.41,CN,1735330723
320,la paz,-16.5,-68.15,18.99,25,40,4.12,BO,1735330537
321,coquimbo,-29.9533,-71.3436,20.85,61,20,6.17,CL,1735330725
322,suomussalmi,64.8869,28.9078,0.93,89,100,6.42,FI,1735330726
323,port saint john's,-31.6229,29.5448,24.19,91,100,7.05,ZA,1735330728
324,cambria,35.5641,-121.0808,15.03,95,96,1.79,US,1735330729
325,garoowe,8.4054,48.4845,20.88,58,94,6.64,SO,1735330730
326,kalabo,-14.97,22.6814,21.08,86,100,0.54,ZM,1735330731
327,ugbokpo,7.6565,7.8664,27.25,18,64,1.1,NG,1735330732
328,mount isa,-20.7333,139.5,27.87,30,61,5.14,AU,1735330733
329,sinabang,2.4803,96.3801,25.79,87,82,1.84,ID,1735330735
330,togur,58.3631,82.8265,-9.37,93,100,4.69,RU,1735330736
331,nsukka,6.8561,7.3927,25.31,20,87,2.05,NG,1735330737
332,almyros,39.1822,22.7594,8.7,61,40,4.12,GR,1735330738
333,nikolayevsk-on-amure,53.1406,140.73,-25.99,99,90,2.45,RU,1735330739
334,serhiyivka,46.0272,30.3768,2.43,74,45,6.9,UA,1735330740
335,nahiyat ash shinafiyah,31.5874,44.6602,17.79,47,100,2.55,IQ,1735330742
336,cape town,-33.9258,18.4232,21.16,77,20,6.17,ZA,1735330686
337,wenxing,28.6667,112.8833,4.46,38,0,3.29,CN,1735330744
338,inirida,3.8653,-67.9239,27.22,81,100,0.57,CO,1735330745
339,arkhangel'sk,64.5401,40.5433,0.06,86,75,7.0,RU,1735330746
340,conception bay south,47.4999,-52.9981,2.08,97,100,6.04,CA,1735330748
341,alesund,62.4723,6.1549,5.08,92,75,1.03,NO,1735330749
342,pulandian,39.3953,121.9669,-6.13,49,1,1.6,CN,1735330750
343,petauke,-14.2426,31.3253,23.99,61,62,3.72,ZM,1735330751
344,tumpat,6.1978,102.171,25.99,83,20,2.57,MY,1735330752
345,gazli,40.1333,63.45,2.96,64,10,4.21,UZ,1735330753
346,aykhal,66.0,111.5,-28.83,100,96,1.5,RU,1735330755
347,san luis,-33.295,-66.3356,32.07,20,7,8.29,AR,1735330474
348,yemetsk,63.4721,41.7941,-1.71,87,100,4.45,RU,1735330757
349,shamkhor,40.8297,46.0189,2.2,93,100,2.25,AZ,1735330758
350,okha,53.5739,142.9478,-10.37,91,100,9.38,RU,1735330759
351,aasiaat,68.7098,-52.8699,-26.71,100,95,3.51,GL,1735330760
352,minas de marcona,-15.2119,-75.1103,21.16,57,48,7.79,PE,1735330574
353,vardenis,40.1827,45.7311,-1.27,90,100,6.23,AM,1735330763
354,klyuchi,52.2667,79.1667,-8.98,87,96,6.74,RU,1735330764
355,uruzgan,32.8333,66.0,2.8,29,0,2.71,AF,1735330765
356,ust'-kut,56.7938,105.7672,-10.09,98,100,1.42,RU,1735330766
357,dakhla,23.6848,-15.958,18.01,77,56,6.69,EH,1735330767
358,itaituba,-4.2761,-55.9836,32.09,66,40,1.54,BR,1735330768
359,bridgewater,44.3835,-64.5155,4.26,65,9,3.09,CA,1735330648
360,kodinar,20.7903,70.7031,20.08,58,0,5.34,IN,1735330771
361,brisas de zicatela,15.8369,-97.0419,30.29,66,0,3.09,MX,1735330772
362,leninskoye,41.7589,69.3864,-3.42,78,100,2.08,KZ,1735330773
363,cabo san lucas,22.8909,-109.9124,23.75,62,0,5.66,MX,1735330774
364,tsiombe,-25.3,45.4833,25.02,86,82,2.16,MG,1735330775
365,khandyga,62.6667,135.6,-43.11,100,56,0.55,RU,1735330777
366,belyy yar,53.6039,91.3903,-26.06,91,100,0.0,RU,1735330778
367,colonia,50.9333,6.95,2.2,79,0,2.06,DE,1735330540
368,cristuru secuiesc,46.2833,25.0333,1.45,88,100,0.8,RO,1735330780
369,natal,-5.795,-35.2094,29.36,70,40,8.23,BR,1735330726
370,soio,-6.1349,12.3689,25.41,88,70,2.43,AO,1735330782
371,kapa'a,22.0752,-159.319,26.18,77,0,1.54,US,1735330783
372,antalaha,-14.9003,50.2788,23.35,88,34,2.12,MG,1735330633
373,atafu village,-8.5421,-172.5159,28.46,73,99,5.11,TK,1735330786
374,nha trang,12.25,109.1833,25.0,93,89,2.6,VN,1735330787
375,weno,7.4515,151.8468,28.97,84,100,2.57,FM,1735330788
376,axim,4.8699,-2.2405,27.24,84,3,3.53,GH,1735330789
377,santa cruz del norte,23.1539,-81.9236,25.77,77,97,5.35,CU,1735330791
378,marine corps base hawaii - mcbh,21.4453,-157.7513,27.81,65,40,2.06,US,1735330792
379,oberviechtach,49.4667,12.4167,-1.37,96,99,1.11,DE,1735330793
380,alice springs,-23.7,133.8833,18.75,63,0,1.03,AU,1735330794
381,murzuq,25.9155,13.9184,9.16,45,99,2.27,LY,1735330795
382,springbok,-29.6643,17.8865,16.15,76,0,2.08,ZA,1735330796
383,fort st. john,56.2499,-120.8529,-1.06,80,75,5.14,CA,1735330731
384,dzilam gonzalez,21.2833,-88.9333,27.85,71,73,2.51,MX,1735330799
385,isiro,2.7739,27.616,24.0,47,72,1.25,CD,1735330800
386,lajere,11.9797,11.4443,19.53,22,27,4.44,NG,1735330801
387,morehead city,34.7229,-76.726,15.03,79,93,2.68,US,1735330788
388,zeya,53.75,127.2667,-20.67,97,100,0.57,RU,1735330803
389,katabu,-4.9333,122.5167,24.39,94,99,0.93,ID,1735330805
390,bratsk,56.1325,101.6142,-10.73,91,100,2.09,RU,1735330806
391,bonthe,7.5264,-12.505,26.37,74,50,3.75,SL,1735330807
392,pundong,-7.9522,110.3486,25.09,90,100,2.48,ID,1735330808
393,nuuk,64.1835,-51.7216,-12.66,78,75,1.54,GL,1735330809
394,jatoba,-9.1831,-38.2689,35.48,18,0,5.14,BR,1735330811
395,tabuk,17.4189,121.4443,21.82,96,100,1.12,PH,1735330812
396,molde,62.7375,7.1591,1.91,100,75,2.57,NO,1735330813
397,kragero,58.8693,9.4149,5.35,95,15,3.75,NO,1735330814
398,holyhead,53.3062,-4.6321,8.0,100,100,6.17,GB,1735330815
399,sittwe,20.15,92.9,21.45,53,0,3.78,MM,1735330817
400,kangding,30.0513,101.9603,3.8,34,0,2.61,CN,1735330818
401,gombi,10.1614,12.7399,21.47,23,36,2.78,NG,1735330819
402,kargil,34.5667,76.1,-11.35,87,100,1.12,IN,1735330820
403,yaren,-0.5472,166.916,27.89,71,35,7.8,NR,1735330821
404,mbanza kongo,-6.267,14.2401,21.31,96,100,0.55,AO,1735330822
405,fernie,49.5,-115.0687,-0.11,90,99,1.54,CA,1735330824
406,luderitz,-26.6481,15.1594,16.85,87,0,4.19,NA,1735330825
407,gadzhiyevo,69.2551,33.3362,-2.55,77,6,14.53,RU,1735330826
408,ta`u,-14.2336,-169.5144,27.36,78,100,3.98,AS,1735330827
409,cajaruro,-5.7364,-78.4256,26.9,74,100,1.8,PE,1735330828
410,baiyin,36.5583,104.2081,-11.22,77,1,1.4,CN,1735330829
411,miles city,46.4083,-105.8406,8.54,42,0,4.63,US,1735330831
412,springs,-26.25,28.4,20.37,90,100,0.85,ZA,1735330832
413,tyul'gan,52.3405,56.166,-6.58,96,100,2.79,RU,1735330754
414,show low,34.2542,-110.0298,9.16,36,0,9.77,US,1735330834
415,podgorenskiy,50.405,39.6429,-1.16,92,100,2.1,RU,1735330835
416,boyolangu,-8.1181,111.8935,24.57,90,98,0.33,ID,1735330836
417,alakurtti,66.9672,30.3491,1.45,88,99,6.53,RU,1735330838
418,nuku'alofa,-21.1333,-175.2,27.19,74,40,4.12,TO,1735330839
419,port blair,11.6667,92.75,27.21,76,74,3.44,IN,1735330840
420,cognac,45.5,-0.25,5.78,93,100,2.57,FR,1735330841
421,kristiansund,63.1115,7.732,5.63,87,75,1.54,NO,1735330842
422,luwuk,-0.9516,122.7875,23.49,82,100,1.85,ID,1735330843
423,crane,31.3974,-102.3501,20.2,19,63,4.04,US,1735330797
424,sol'-iletsk,51.1631,54.9918,-4.33,99,100,4.68,RU,1735330846
425,ca mau,9.1769,105.15,23.33,96,100,1.72,VN,1735330847
426,isla vista,34.4133,-119.861,23.21,64,40,3.6,US,1735330848
427,palangkaraya,-2.2,113.8333,24.67,90,100,0.85,ID,1735330849
428,fauske,67.2588,15.3918,4.97,97,100,6.37,NO,1735330850
429,aoulef,26.9667,1.0833,13.28,25,14,5.15,DZ,1735330851
430,bodaybo,57.8506,114.1933,-12.98,97,100,0.99,RU,1735330717
431,ambovombe,-25.1667,46.0833,26.01,73,41,3.06,MG,1735330854
432,nadi,-17.8,177.4167,26.0,78,20,2.06,FJ,1735330855
433,novoishimskiy,53.1981,66.7694,-4.83,92,99,6.51,KZ,1735330856
434,port hueneme,34.1478,-119.1951,18.08,85,100,2.06,US,1735330857
435,hobyo,5.3505,48.5268,24.55,77,41,9.37,SO,1735330858
436,hammerfest,70.6634,23.6821,1.25,69,40,9.26,NO,1735330860
437,muisne,0.6,-80.0333,26.47,76,17,5.47,EC,1735330861
438,volda,62.1476,6.0741,6.71,81,75,0.0,NO,1735330862
439,port lincoln,-34.7333,135.8667,16.65,79,25,6.7,AU,1735330863
440,lazaro cardenas,17.9583,-102.2,27.58,41,0,4.37,MX,1735330864
441,onega,63.9061,38.1404,-1.27,89,76,6.12,RU,1735330865
442,wongsorejo,-7.9908,114.4009,25.57,84,100,2.01,ID,1735330867
443,la sarre,48.8002,-79.1996,0.92,100,100,3.56,CA,1735330869
444,woolgoolga,-30.1106,153.2007,25.93,72,100,1.66,AU,1735330870
445,kingscliff,-28.2667,153.5667,23.89,88,100,2.57,AU,1735330871
446,amuntai,-2.4177,115.2494,23.6,98,100,0.66,ID,1735330873
447,remire-montjoly,4.9167,-52.2667,29.02,74,20,6.69,GF,1735330874
448,olyokminsk,60.3736,120.4264,-22.77,100,96,1.15,RU,1735330876
449,extrema,-22.8547,-46.3183,21.81,91,99,1.71,BR,1735330877
450,inhambane,-23.865,35.3833,25.05,72,7,3.64,MZ,1735330878
451,rouyn-noranda,48.2398,-79.0288,0.05,100,100,3.6,CA,1735330661
452,queenstown,-31.8976,26.8753,18.66,90,100,1.45,ZA,1735330881
453,martinsville,36.6915,-79.8725,3.9,87,100,1.54,US,1735330665
454,galle,6.0367,80.217,25.55,82,77,0.42,LK,1735330883
455,hirosaki,40.5931,140.4725,-2.38,88,100,4.21,JP,1735330884
456,archangelos,36.2149,28.1149,12.95,80,60,2.37,GR,1735330885
457,salalah,17.0151,54.0924,22.05,68,0,2.57,OM,1735330887
458,darnah,32.767,22.6367,15.22,70,100,7.47,LY,1735330888
459,sabha,27.0377,14.4283,9.17,48,6,0.82,LY,1735330889
460,umarkhed,19.6,77.7,20.44,85,0,3.05,IN,1735330890
461,san luis de la loma,17.2706,-100.8939,28.97,42,1,4.53,MX,1735330891
462,kavieng,-2.5744,150.7967,27.38,82,100,2.8,PG,1735330893
463,alotau,-10.3069,150.4462,24.14,94,82,0.98,PG,1735330895
464,mezhdurechensk,53.6942,88.0603,-6.65,93,100,3.08,RU,1735330896
465,quellon,-43.1167,-73.6167,16.79,52,100,5.4,CL,1735330610
466,margate,51.3813,1.3862,4.83,93,56,1.41,GB,1735330761
467,usogorsk,63.4106,48.6872,-1.7,88,99,5.87,RU,1735330899
468,goldsboro,35.3849,-77.9928,11.06,75,100,2.06,US,1735330863
469,xai-xai,-25.0519,33.6442,24.5,71,6,4.86,MZ,1735330902
470,och'amch'ire,42.7123,41.4686,9.61,75,100,2.48,GE,1735330903
471,kosigi,15.85,77.2667,20.85,85,0,3.4,IN,1735330904
472,moires,35.0532,24.8744,10.62,75,100,2.68,GR,1735330905
473,anna regina,7.2644,-58.5077,27.45,66,83,3.76,GY,1735330907
474,popondetta,-8.7537,148.2534,23.97,98,100,0.6,PG,1735330908
475,westport,41.1415,-73.3579,5.15,63,0,2.06,US,1735330909
476,waliso,8.5333,37.9833,14.8,47,8,5.72,ET,1735330910
477,pitimbu,-7.4706,-34.8086,26.99,77,24,6.38,BR,1735330911
478,mount pearl,47.5166,-52.7813,1.75,97,100,5.66,CA,1735330912
479,stroitel',50.7854,36.4831,-3.1,100,100,1.0,RU,1735330754
480,horta,38.5333,-28.6333,17.8,92,40,6.17,PT,1735330915
481,jolo,6.05,121.0167,24.7,92,95,1.65,PH,1735330917
482,taulaga,-11.0553,-171.0883,28.29,69,99,3.82,AS,1735330918
483,wagoner,35.9595,-95.3694,14.34,95,69,3.78,US,1735330921
484,saint-philippe,-21.3585,55.7679,25.29,84,79,6.11,RE,1735330922
485,mareeba,-17.0,145.4333,23.21,95,99,1.04,AU,1735330923
486,mamfe,5.754,9.3123,27.24,37,23,0.66,CM,1735330924
487,palu,-0.8917,119.8707,24.61,95,100,0.98,ID,1735330925
488,choibalsan,48.0667,114.5,-12.33,78,17,3.56,MN,1735330927
489,gereida,11.2811,25.1414,22.5,14,7,4.78,SD,1735330928
490,ebon,4.582,168.6964,28.03,77,100,9.58,MH,1735330929
491,homer,59.6425,-151.5483,1.13,90,40,3.58,US,1735330787
492,manaure,11.7751,-72.4445,30.66,57,99,5.75,CO,1735330854
493,gosaba,22.165,88.7998,17.69,43,0,2.97,IN,1735330934
494,haiku-pauwela,20.9219,-156.3051,27.01,64,20,2.57,US,1735330935
495,machico,32.7,-16.7667,19.28,78,20,3.6,PT,1735330936
496,shixing,24.9482,114.0657,6.75,67,4,1.27,CN,1735330937
497,high river,50.5834,-113.8687,0.06,69,9,3.02,CA,1735330939
498,marquelia,16.5833,-98.8167,27.84,57,4,3.8,MX,1735330940
499,oppdal,62.5943,9.6912,-5.16,78,96,4.54,NO,1735330941
500,poshekhon'ye,58.4993,39.1353,-2.54,95,21,3.25,RU,1735330816
501,kati,12.7441,-8.0726,25.67,11,39,1.88,ML,1735330944
502,smolensk,55.0,33.0,0.47,99,100,0.54,RU,1735330945
503,kristinestad,62.2743,21.376,1.64,89,10,4.05,FI,1735330946
504,castelo,-20.6036,-41.1847,28.68,79,79,0.88,BR,1735330947
505,choyr,46.3611,108.3611,-18.94,80,0,1.53,MN,1735330948
506,brookings,44.3114,-96.7984,6.14,94,40,3.6,US,1735330818
507,meadow lakes,61.6247,-149.6011,-1.93,89,100,0.0,US,1735330951
508,waingapu,-9.6567,120.2641,26.01,84,99,3.0,ID,1735330952
509,tondano,1.3038,124.9112,19.05,99,100,1.2,ID,1735330854
510,novodvinsk,64.4165,40.8122,-0.14,90,100,5.22,RU,1735330955
511,tangalle,6.024,80.7911,23.79,92,99,2.13,LK,1735330957
512,tra mhor,52.1624,-7.1524,9.49,99,75,0.89,IE,1735330958
513,belozersk,60.0326,37.7957,-1.32,86,8,5.15,RU,1735330959
514,beyneu,45.3167,55.2,-0.19,87,13,5.87,KZ,1735330960
515,lieksa,63.3167,30.0167,-2.36,92,24,5.11,FI,1735330961
516,nadym,65.5333,72.5167,-13.47,93,53,4.23,RU,1735330962
517,mil'kovo,55.6078,37.7956,1.08,100,100,1.64,RU,1735330964
518,sakakah,29.9697,40.2064,9.76,39,0,2.99,SA,1735330965
519,alappuzha,9.49,76.3264,26.49,80,94,2.33,IN,1735330966
520,malango,-2.9627,119.9001,20.04,96,100,0.79,ID,1735330967
521,pankovka,58.5,31.1999,0.57,97,90,1.74,RU,1735330968
522,bryne,58.7354,5.6477,7.75,68,100,3.6,NO,1735330970
523,sultanah,24.4926,39.5857,22.25,53,20,5.66,SA,1735330971
524,zyryanskoye,56.8306,86.6258,-8.32,89,100,6.34,RU,1735330972
525,tobelo,1.7284,128.0095,26.21,84,100,1.97,ID,1735330828
526,zvishavane,-20.3267,30.0665,22.7,74,86,1.91,ZW,1735330974
527,ponta delgada,37.7333,-25.6667,18.44,88,20,4.63,PT,1735330797
528,changji,44.0167,87.3167,-17.56,85,100,1.0,CN,1735330977
529,vanimo,-2.6741,141.3028,25.94,90,100,2.4,PG,1735330978
530,miandoab,36.9694,46.1027,6.6,84,95,7.22,IR,1735330979
531,ola,59.5833,151.2833,-24.35,87,41,5.85,RU,1735330981
532,isla mujeres,21.2311,-86.731,27.03,84,100,2.78,MX,1735330982
533,wuchuan,21.4571,110.7659,15.66,59,99,5.82,CN,1735330984
534,lorengau,-2.0226,147.2712,26.77,84,100,1.25,PG,1735330987
535,vernal,40.4555,-109.5287,-0.16,86,100,0.89,US,1735330812
536,nema,57.5067,50.5011,-7.0,96,15,2.78,RU,1735330989
537,tayaman,13.2295,120.5726,25.32,72,100,4.05,PH,1735330990
538,luanda,-8.8368,13.2343,26.0,94,75,2.57,AO,1735330855
539,porto velho,-8.7619,-63.9039,28.03,74,40,2.57,BR,1735330530
540,gebeit,21.0667,36.3167,16.59,63,26,2.47,SD,1735330994
541,moranbah,-22.0016,148.0466,26.01,66,64,1.14,AU,1735330995
542,caraballeda,10.6112,-66.8522,29.04,61,45,5.66,VE,1735330996
543,dongning,44.0622,131.1207,-12.28,62,54,3.54,CN,1735330998
544,cockburn town,21.4612,-71.1419,24.98,88,75,6.69,TC,1735330999
545,lamu,-2.2717,40.902,25.91,77,73,5.78,KE,1735330981
546,ambalangoda,6.2355,80.0538,25.67,82,100,0.54,LK,1735331002
547,tabou,4.423,-7.3528,27.11,82,12,3.6,CI,1735331003
548,cochin,9.9399,76.2602,24.99,82,97,1.58,IN,1735331004
549,road town,18.4167,-64.6167,27.02,74,40,2.57,VG,1735330762
550,yichang,30.7144,111.2847,4.25,35,7,1.25,CN,1735331006
